{"cameraMode":{"drawMode":0,"name":"Shaded","section":"Shading Mode"},"sceneLighting":false,"audioPlay":false,"sceneViewState":{"m_AlwaysRefresh":false,"showFog":true,"showSkybox":false,"showFlares":true,"showImageEffects":true,"showParticleSystems":true,"showVisualEffectGraphs":true,"m_FxEnabled":true},"in2DMode":false,"pivot":{"x":-31.58833885192871,"y":0.6430150270462036,"z":31.210615158081056},"rotation":{"x":0.06594034284353256,"y":-0.018855899572372438,"z":0.0012463179882615805,"w":0.9976446628570557},"size":3.6888551712036135,"orthographic":true}