{"cameraMode":{"drawMode":0,"name":"Shaded","section":"Shading Mode"},"sceneLighting":false,"audioPlay":false,"sceneViewState":{"m_AlwaysRefresh":false,"showFog":true,"showSkybox":false,"showFlares":true,"showImageEffects":true,"showParticleSystems":true,"showVisualEffectGraphs":true,"m_FxEnabled":true},"in2DMode":false,"pivot":{"x":-37.27540969848633,"y":0.5507099628448486,"z":31.177793502807618},"rotation":{"x":0.18896010518074037,"y":-0.33543136715888979,"z":0.06886876374483109,"w":0.9203465580940247},"size":1.4797090291976929,"orthographic":true}