{"cameraMode":{"drawMode":0,"name":"Shaded","section":"Shading Mode"},"sceneLighting":true,"audioPlay":false,"sceneViewState":{"m_AlwaysRefresh":false,"showFog":true,"showSkybox":true,"showFlares":true,"showImageEffects":true,"showParticleSystems":true,"showVisualEffectGraphs":true,"m_FxEnabled":true},"in2DMode":false,"pivot":{"x":-3.4621315002441408,"y":8.633146286010743,"z":1.8723907470703126},"rotation":{"x":0.5142062306404114,"y":-0.09606262296438217,"z":0.05809447169303894,"w":0.8502927422523499},"size":66.12360382080078,"orthographic":true}